{"_timestamp":1.7360060909090607e+09,"test_loss_epoch":1.3514549732208252,"trainer/global_step":1467,"_wandb":{"runtime":364},"train_loss":1.3368357419967651,"_step":6,"validation_loss":1.3514549732208252,"test_loss":1.3517646789550781,"epoch":3,"_runtime":363.6008067}