{"train_loss":0.09961627423763275,"_step":13,"validation_loss":0.08569387346506119,"_wandb":{"runtime":505},"_timestamp":1.73601020210575e+09,"_runtime":504.6184277,"test_loss":0.08576075732707977,"trainer/global_step":1956,"test_loss_epoch":0.08569387346506119,"epoch":4,"examples":{"format":"png","count":1,"filenames":["media/images/examples_10_3c0c2a3e5e78d5bb591e.png"],"captions":["Ground Truth | Prediction"],"_type":"images/separated","width":128,"height":64}}