{"_timestamp":1.736019332597005e+09,"_runtime":277.5139979,"_step":0,"test_loss":0.9870465397834778,"test_loss_epoch":0.9866026639938354,"epoch":0,"_wandb":{"runtime":278},"trainer/global_step":0}